{
  "baseline": {
    "metrics": {
      "trajectory_jerk": 1.5020496845245361,
      "direction_alignment": 0.47074638851217787,
      "distance_to_target": 0.7676619750248138,
      "trajectory_spread": 0.44366002082824707
    },
    "elapsed_s": 31.33496904373169,
    "variant": "pick_up_red_block"
  },
  "spatial_symmetry": {
    "metrics": {
      "trajectory_jerk": 1.785979986190796,
      "perturbation_sensitivity": 1.6579370498657227,
      "dtw_baseline_vs_swapped": 58.451793334592104,
      "swapped_distance_to_original_blue_pos": 0.3617051477752282
    },
    "elapsed_s": 4.963644981384277,
    "variant": "swap_red_blue"
  },
  "camera_sensitivity": {
    "metrics": {
      "trajectory_jerk": 1.7859797477722168,
      "mirror_camera_sensitivity": 1.6579368114471436,
      "flip_image_sensitivity": 1.6681593656539917
    },
    "elapsed_s": 5.990750074386597,
    "variant": "mirror_primary_camera"
  },
  "view_ablation": {
    "metrics": {
      "trajectory_jerk": 1.415420651435852,
      "primary_ablation_sensitivity": 1.657816767692566,
      "secondary_ablation_sensitivity": 1.695839285850525,
      "full_vision_ablation_sensitivity": 1.6794995069503784
    },
    "elapsed_s": 7.817917108535767,
    "variant": "zero_out_views"
  },
  "counterfactual": {
    "metrics": {
      "trajectory_jerk": 1.415420651435852,
      "mean_synonym_sensitivity": 0.17997867986559868,
      "max_synonym_sensitivity": 0.20974159240722656,
      "vs_pick_up_the_red_cube": 0.14119337499141693,
      "vs_grab_the_red_block": 0.2001664787530899,
      "vs_grasp_the_crimson_block": 0.20974159240722656,
      "vs_pick_up_the_red_object": 0.16881327331066132
    },
    "elapsed_s": 9.879394769668579,
    "variant": "group_red_block_synonyms"
  },
  "null_action": {
    "metrics": {
      "trajectory_jerk": 1.3890480995178223,
      "mean_null_displacement": 0.7964610788340296,
      "max_null_displacement": 0.8181239017797288,
      "baseline_pick_displacement": 0.7766430457186136,
      "null_vs_baseline_ratio": 1.0255175569068267,
      "null_dont_move_displacement": 0.8163338860245247,
      "null_stay_still_displacement": 0.8176856015161174,
      "null_do_nothing_displacement": 0.8181239017797288,
      "null_remain_in_place_displacement": 0.7660792196745113,
      "null_hold_position_displacement": 0.7640827851752658,
      "spatial_move_up_displacement": 0.7674924783256192,
      "spatial_move_down_displacement": 0.794489673369724,
      "spatial_move_forward_displacement": 0.8028425554726766,
      "spatial_move_backward_displacement": 0.8233028309157866
    },
    "elapsed_s": 19.726117849349976,
    "variant": "null_prompts"
  },
  "attention": {
    "metrics": {
      "trajectory_jerk": 0.0
    },
    "elapsed_s": 6.391319990158081,
    "variant": "multi_prompt_attention"
  },
  "perturbation": {
    "metrics": {
      "trajectory_jerk": 1.415420651435852,
      "mean_perturbation_sensitivity": 1.4178798664943314e-06,
      "max_perturbation_sensitivity": 2.185469384130556e-06,
      "shifted_left_sensitivity": 0.0,
      "shifted_left_endpoint_dist": 0.8301251881503344,
      "shifted_right_sensitivity": 1.4646927866124315e-06,
      "shifted_right_endpoint_dist": 0.8241583904256501,
      "shifted_forward_sensitivity": 1.719618580864335e-06,
      "shifted_forward_endpoint_dist": 0.8440329788656316,
      "shifted_back_sensitivity": 2.185469384130556e-06,
      "shifted_back_endpoint_dist": 0.8050806172213727,
      "raised_sensitivity": 1.719618580864335e-06,
      "raised_endpoint_dist": 0.7775167731310751,
      "sensitivity_displacement_correlation": -0.7501433601959604
    },
    "elapsed_s": 11.780685901641846,
    "variant": "block_position_perturbations"
  }
}