{
  "baseline": {
    "metrics": {
      "trajectory_jerk": 0.055646151304244995,
      "direction_alignment": -0.9566726713857479,
      "distance_to_target": 1.379828719941287,
      "trajectory_spread": 0.17888514697551727
    },
    "elapsed_s": 6.275701999664307,
    "variant": "pick_up_red_block"
  },
  "spatial_symmetry": {
    "metrics": {
      "trajectory_jerk": 0.07806725054979324,
      "perturbation_sensitivity": 0.9254530072212219,
      "dtw_baseline_vs_swapped": 45.11025487722883,
      "swapped_distance_to_original_blue_pos": 0.6273102297092817
    },
    "elapsed_s": 1.2097969055175781,
    "variant": "swap_red_blue"
  },
  "camera_sensitivity": {
    "metrics": {
      "trajectory_jerk": 0.06614653766155243,
      "mirror_camera_sensitivity": 0.43546706438064575,
      "flip_image_sensitivity": 0.7437706589698792
    },
    "elapsed_s": 1.6396801471710205,
    "variant": "mirror_primary_camera"
  },
  "view_ablation": {
    "metrics": {
      "trajectory_jerk": 0.055646151304244995,
      "primary_ablation_sensitivity": 0.8242721557617188,
      "secondary_ablation_sensitivity": 0.946962296962738,
      "full_vision_ablation_sensitivity": 2.1033132076263428
    },
    "elapsed_s": 2.121518850326538,
    "variant": "zero_out_views"
  },
  "counterfactual": {
    "metrics": {
      "trajectory_jerk": 0.055646151304244995,
      "mean_synonym_sensitivity": 0.22010714560747147,
      "max_synonym_sensitivity": 0.4458191990852356,
      "vs_pick_up_the_red_cube": 0.08337168395519257,
      "vs_grab_the_red_block": 0.1907595992088318,
      "vs_grasp_the_crimson_block": 0.4458191990852356,
      "vs_pick_up_the_red_object": 0.16047810018062592
    },
    "elapsed_s": 2.669724941253662,
    "variant": "group_red_block_synonyms"
  },
  "null_action": {
    "metrics": {
      "trajectory_jerk": 0.055225618183612823,
      "mean_null_displacement": 1.1179346438051698,
      "max_null_displacement": 1.1760080361685934,
      "baseline_pick_displacement": 1.0241894414206538,
      "null_vs_baseline_ratio": 1.091531115820216,
      "null_dont_move_displacement": 1.1452373872542718,
      "null_stay_still_displacement": 1.1760080361685934,
      "null_do_nothing_displacement": 1.1360288138871983,
      "null_remain_in_place_displacement": 1.0630614686792181,
      "null_hold_position_displacement": 1.0693375130365674,
      "spatial_move_up_displacement": 1.018652925439399,
      "spatial_move_down_displacement": 1.136407344722412,
      "spatial_move_forward_displacement": 1.0355698289750292,
      "spatial_move_backward_displacement": 1.0777625269025888
    },
    "elapsed_s": 5.27446722984314,
    "variant": "null_prompts"
  },
  "attention": {
    "metrics": {
      "trajectory_jerk": 0.0,
      "iou_pick_up_the_red_block": 0.0,
      "iou_pick_up_the_blue_block": 0.0,
      "mean_attention_iou": 0.0
    },
    "elapsed_s": 1.1320281028747559,
    "variant": "multi_prompt_attention"
  },
  "perturbation": {
    "metrics": {
      "trajectory_jerk": 0.055646151304244995,
      "mean_perturbation_sensitivity": 0.10339468270540238,
      "max_perturbation_sensitivity": 0.19551515579223633,
      "shifted_left_sensitivity": 0.07104747742414474,
      "shifted_left_endpoint_dist": 1.381161730909319,
      "shifted_right_sensitivity": 0.08250553905963898,
      "shifted_right_endpoint_dist": 1.2298572496387332,
      "shifted_forward_sensitivity": 0.19551515579223633,
      "shifted_forward_endpoint_dist": 1.2333791646856302,
      "shifted_back_sensitivity": 0.05779145658016205,
      "shifted_back_endpoint_dist": 1.3824464769577351,
      "raised_sensitivity": 0.11011378467082977,
      "raised_endpoint_dist": 1.3139889368161222,
      "sensitivity_displacement_correlation": -0.4419146517725392
    },
    "elapsed_s": 3.2324578762054443,
    "variant": "block_position_perturbations"
  }
}